id,name,birthday,c1,c2,c3,c4,c5,c6,c7,c8,c9
1,one,20180131,a,bb,ccc,dddd,eeeee,ffffff,ggggggg,hhhhhhhh,iiiiiiiii
2,two,20180228,a,bb,ccc,dddd,eeeee,ffffff,ggggggg,hhhhhhhh,iiiiiiiii
3,three,20180331,a,bb,ccc,dddd,eeeee,ffffff,ggggggg,hhhhhhhh,iiiiiiiii
4,four,20180109,a,bb,ccc,dddd,eeeee,ffffff,ggggggg,hhhhhhhh,iiiiiiiii
5,five,20180202,a,bb,ccc,dddd,eeeee,ffffff,ggggggg,hhhhhhhh,iiiiiiiii
6,six,20180309,a,bb,ccc,dddd,eeeee,ffffff,ggggggg,hhhhhhhh,iiiiiiiii
7,seven,20170110,a,bb,ccc,dddd,eeeee,ffffff,ggggggg,hhhhhhhh,iiiiiiiii
8,eight,20170210,a,bb,ccc,dddd,eeeee,ffffff,ggggggg,hhhhhhhh,iiiiiiiii
9,nine,20170310,a,bb,ccc,dddd,eeeee,ffffff,ggggggg,hhhhhhhh,iiiiiiiii
